{
"lengthUnit": "mil",
"remark": [],
"components": {
	"fields": ["COMPONENT_NO", "COMPONENT_NAME", "LAYER", "X_COORDINATE", "Y_COORDINATE", "ANGLE"],
	"rows": [
		[1, "-", "T", 1350.1575, -1135.4325, 270],
		[2, "+5V", "T", 1458.5825, -1135.4325, 270],
		[3, "BUZZER1", "T", 1455, -2900, 0],
		[4, "BUZZER2", "T", 1385, -495, 0],
		[5, "C1", "T", 790, -440, 270],
		[6, "C2", "T", 795, -755, 270],
		[7, "C3", "T", 800, -1145, 270],
		[8, "C4", "T", 805, -1510, 270],
		[9, "C5", "T", 790, -1895, 270],
		[10, "C6", "T", 790, -2260, 270],
		[11, "C7", "T", 780, -2615, 270],
		[12, "C8", "T", 785, -2960, 270],
		[13, "Q1", "T", 945, -440, 270],
		[14, "Q2", "T", 950, -770, 270],
		[15, "Q3", "T", 980, -1145, 270],
		[16, "Q4", "T", 980, -1495, 270],
		[17, "Q5", "T", 980, -1875, 270],
		[18, "Q6", "T", 975, -2260, 270],
		[19, "Q7", "T", 975, -2615, 270],
		[20, "Q8", "T", 975, -2970, 270],
		[21, "R1", "T", 245, -370, 90],
		[22, "R2", "T", 240, -1120, 90],
		[23, "R3", "T", 245, -755, 270],
		[24, "R4", "T", 240, -1495, 270],
		[25, "R5", "T", 245, -1870, 90],
		[26, "R6", "T", 245, -2235, 270],
		[27, "R7", "T", 240, -2605, 90],
		[28, "R8", "T", 240, -2965, 270],
		[29, "SW1", "T", 1405, -905, 180],
		[30, "U3", "T", 545, -425, 0],
		[31, "U4", "T", 540, -775, 0],
		[32, "U5", "T", 535, -1145, 0],
		[33, "U6", "T", 530, -1515, 0],
		[34, "U7", "T", 525, -1895, 0],
		[35, "U8", "T", 520, -2270, 0],
		[36, "U9", "T", 515, -2615, 0],
		[37, "U10", "T", 520, -2975, 0],
		[38, "PAD1", "T", 1604.61, -2900, 0],
		[39, "PAD1", "B", 1604.61, -2900, 0],
		[40, "PAD2", "T", 1305.4, -2900, 0],
		[41, "PAD2", "B", 1305.4, -2900, 0],
		[42, "PAD3", "T", 245, -511.73, 0],
		[43, "PAD3", "B", 245, -511.73, 0],
		[44, "PAD4", "T", 245, -228.27, 0],
		[45, "PAD4", "B", 245, -228.27, 0],
		[46, "PAD5", "T", 240, -1261.73, 0],
		[47, "PAD5", "B", 240, -1261.73, 0],
		[48, "PAD6", "T", 240, -978.27, 0],
		[49, "PAD6", "B", 240, -978.27, 0],
		[50, "PAD7", "T", 245, -613.27, 0],
		[51, "PAD7", "B", 245, -613.27, 0],
		[52, "PAD8", "T", 245, -896.73, 0],
		[53, "PAD8", "B", 245, -896.73, 0],
		[54, "PAD9", "T", 240, -1353.27, 0],
		[55, "PAD9", "B", 240, -1353.27, 0],
		[56, "PAD10", "T", 240, -1636.73, 0],
		[57, "PAD10", "B", 240, -1636.73, 0],
		[58, "PAD11", "T", 245, -2011.73, 0],
		[59, "PAD11", "B", 245, -2011.73, 0],
		[60, "PAD12", "T", 245, -1728.27, 0],
		[61, "PAD12", "B", 245, -1728.27, 0],
		[62, "PAD13", "T", 245, -2093.27, 0],
		[63, "PAD13", "B", 245, -2093.27, 0],
		[64, "PAD14", "T", 245, -2376.73, 0],
		[65, "PAD14", "B", 245, -2376.73, 0],
		[66, "PAD15", "T", 240, -2746.73, 0],
		[67, "PAD15", "B", 240, -2746.73, 0],
		[68, "PAD16", "T", 240, -2463.27, 0],
		[69, "PAD16", "B", 240, -2463.27, 0],
		[70, "PAD17", "T", 240, -2823.27, 0],
		[71, "PAD17", "B", 240, -2823.27, 0],
		[72, "PAD18", "T", 240, -3106.73, 0],
		[73, "PAD18", "B", 240, -3106.73, 0],
		[74, "PAD19", "T", 417, -336.4, 0],
		[75, "PAD19", "B", 417, -336.4, 0],
		[76, "PAD20", "T", 673, -336.4, 0],
		[77, "PAD20", "B", 673, -336.4, 0],
		[78, "PAD21", "T", 412, -686.4, 0],
		[79, "PAD21", "B", 412, -686.4, 0],
		[80, "PAD22", "T", 668, -686.4, 0],
		[81, "PAD22", "B", 668, -686.4, 0],
		[82, "PAD23", "T", 407, -1056.4, 0],
		[83, "PAD23", "B", 407, -1056.4, 0],
		[84, "PAD24", "T", 663, -1056.4, 0],
		[85, "PAD24", "B", 663, -1056.4, 0],
		[86, "PAD25", "T", 402, -1426.4, 0],
		[87, "PAD25", "B", 402, -1426.4, 0],
		[88, "PAD26", "T", 658, -1426.4, 0],
		[89, "PAD26", "B", 658, -1426.4, 0],
		[90, "PAD27", "T", 397, -1806.4, 0],
		[91, "PAD27", "B", 397, -1806.4, 0],
		[92, "PAD28", "T", 653, -1806.4, 0],
		[93, "PAD28", "B", 653, -1806.4, 0],
		[94, "PAD29", "T", 392, -2181.4, 0],
		[95, "PAD29", "B", 392, -2181.4, 0],
		[96, "PAD30", "T", 648, -2181.4, 0],
		[97, "PAD30", "B", 648, -2181.4, 0],
		[98, "PAD31", "T", 387, -2526.4, 0],
		[99, "PAD31", "B", 387, -2526.4, 0],
		[100, "PAD32", "T", 643, -2526.4, 0],
		[101, "PAD32", "B", 643, -2526.4, 0],
		[102, "PAD33", "T", 392, -2886.4, 0],
		[103, "PAD33", "B", 392, -2886.4, 0],
		[104, "PAD34", "T", 648, -2886.4, 0],
		[105, "PAD34", "B", 648, -2886.4, 0],
		[106, "PAD35", "T", 945, -440, 0],
		[107, "PAD35", "B", 945, -440, 0],
		[108, "PAD36", "T", 945, -499, 0],
		[109, "PAD36", "B", 945, -499, 0],
		[110, "PAD37", "T", 945, -381, 0],
		[111, "PAD37", "B", 945, -381, 0],
		[112, "PAD38", "T", 950, -770, 0],
		[113, "PAD38", "B", 950, -770, 0],
		[114, "PAD39", "T", 950, -829, 0],
		[115, "PAD39", "B", 950, -829, 0],
		[116, "PAD40", "T", 950, -711, 0],
		[117, "PAD40", "B", 950, -711, 0],
		[118, "PAD41", "T", 980, -1145, 0],
		[119, "PAD41", "B", 980, -1145, 0],
		[120, "PAD42", "T", 980, -1204, 0],
		[121, "PAD42", "B", 980, -1204, 0],
		[122, "PAD43", "T", 980, -1086, 0],
		[123, "PAD43", "B", 980, -1086, 0],
		[124, "PAD44", "T", 980, -1495, 0],
		[125, "PAD44", "B", 980, -1495, 0],
		[126, "PAD45", "T", 980, -1554, 0],
		[127, "PAD45", "B", 980, -1554, 0],
		[128, "PAD46", "T", 980, -1436, 0],
		[129, "PAD46", "B", 980, -1436, 0],
		[130, "PAD47", "T", 980, -1875, 0],
		[131, "PAD47", "B", 980, -1875, 0],
		[132, "PAD48", "T", 980, -1934, 0],
		[133, "PAD48", "B", 980, -1934, 0],
		[134, "PAD49", "T", 980, -1816, 0],
		[135, "PAD49", "B", 980, -1816, 0],
		[136, "PAD50", "T", 975, -2260, 0],
		[137, "PAD50", "B", 975, -2260, 0],
		[138, "PAD51", "T", 975, -2319, 0],
		[139, "PAD51", "B", 975, -2319, 0],
		[140, "PAD52", "T", 975, -2201, 0],
		[141, "PAD52", "B", 975, -2201, 0],
		[142, "PAD53", "T", 975, -2615, 0],
		[143, "PAD53", "B", 975, -2615, 0],
		[144, "PAD54", "T", 975, -2674, 0],
		[145, "PAD54", "B", 975, -2674, 0],
		[146, "PAD55", "T", 975, -2556, 0],
		[147, "PAD55", "B", 975, -2556, 0],
		[148, "PAD56", "T", 975, -2970, 0],
		[149, "PAD56", "B", 975, -2970, 0],
		[150, "PAD57", "T", 975, -3029, 0],
		[151, "PAD57", "B", 975, -3029, 0],
		[152, "PAD58", "T", 975, -2911, 0],
		[153, "PAD58", "B", 975, -2911, 0],
		[154, "PAD59", "T", 790, -340, 0],
		[155, "PAD59", "B", 790, -340, 0],
		[156, "PAD60", "T", 790, -540, 0],
		[157, "PAD60", "B", 790, -540, 0],
		[158, "PAD61", "T", 795, -655, 0],
		[159, "PAD61", "B", 795, -655, 0],
		[160, "PAD62", "T", 795, -855, 0],
		[161, "PAD62", "B", 795, -855, 0],
		[162, "PAD63", "T", 800, -1045, 0],
		[163, "PAD63", "B", 800, -1045, 0],
		[164, "PAD64", "T", 800, -1245, 0],
		[165, "PAD64", "B", 800, -1245, 0],
		[166, "PAD65", "T", 805, -1410, 0],
		[167, "PAD65", "B", 805, -1410, 0],
		[168, "PAD66", "T", 805, -1610, 0],
		[169, "PAD66", "B", 805, -1610, 0],
		[170, "PAD67", "T", 790, -1795, 0],
		[171, "PAD67", "B", 790, -1795, 0],
		[172, "PAD68", "T", 790, -1995, 0],
		[173, "PAD68", "B", 790, -1995, 0],
		[174, "PAD69", "T", 790, -2160, 0],
		[175, "PAD69", "B", 790, -2160, 0],
		[176, "PAD70", "T", 790, -2360, 0],
		[177, "PAD70", "B", 790, -2360, 0],
		[178, "PAD71", "T", 780, -2515, 0],
		[179, "PAD71", "B", 780, -2515, 0],
		[180, "PAD72", "T", 780, -2715, 0],
		[181, "PAD72", "B", 780, -2715, 0],
		[182, "PAD73", "T", 785, -2860, 0],
		[183, "PAD73", "B", 785, -2860, 0],
		[184, "PAD74", "T", 785, -3060, 0],
		[185, "PAD74", "B", 785, -3060, 0],
		[186, "PAD75", "T", 1534.61, -495, 0],
		[187, "PAD75", "B", 1534.61, -495, 0],
		[188, "PAD76", "T", 1235.4, -495, 0],
		[189, "PAD76", "B", 1235.4, -495, 0],
		[190, "PAD77", "T", 1483.74, -905, 0],
		[191, "PAD77", "B", 1483.74, -905, 0],
		[192, "PAD78", "T", 1405, -905, 0],
		[193, "PAD78", "B", 1405, -905, 0],
		[194, "PAD79", "T", 1458.5825, -1135.4325, 0],
		[195, "PAD79", "B", 1458.5825, -1135.4325, 0],
		[196, "PAD80", "T", 1350.1575, -1135.4325, 0],
		[197, "PAD80", "B", 1350.1575, -1135.4325, 0]
	]
},
"pins": {
	"fields": ["PIN_NO", "PIN_NAME", "PIN_X", "PIN_Y", "LAYER", "PIN_TYPE", "NET_NAME", "NET_TYPE", "PAD_SHAPE", "PAD_SIZEX", "PAD_SIZEY", "HOLE_SIZE", "HOLE_LEN", "PAD_ANGLE"],
	"rows": [
		[1, "-_1", 1350.1575, -1135.4325, "T", "DIP", "GND", "GND", "R", 55.118, 55.118, 35.434, 35.434, 270],
		[2, "-_1", 1350.1575, -1135.4325, "B", "DIP", "GND", "GND", "R", 55.118, 55.118, 35.434, 35.434, 270],
		[3, "+5V_1", 1458.5825, -1135.4325, "T", "DIP", "+5V", "", "R", 55.118, 55.118, 35.434, 35.434, 270],
		[4, "+5V_1", 1458.5825, -1135.4325, "B", "DIP", "+5V", "", "R", 55.118, 55.118, 35.434, 35.434, 270],
		[5, "BUZZER1_1", 1305.4, -2900, "T", "DIP", "$1N919", "", "C", 70.866, 70.866, 39.37, 39.37, 0],
		[6, "BUZZER1_1", 1305.4, -2900, "B", "DIP", "$1N919", "", "C", 70.866, 70.866, 39.37, 39.37, 0],
		[7, "BUZZER1_2", 1604.61, -2900, "T", "DIP", "GND", "GND", "C", 70.866, 70.866, 39.37, 39.37, 0],
		[8, "BUZZER1_2", 1604.61, -2900, "B", "DIP", "GND", "GND", "C", 70.866, 70.866, 39.37, 39.37, 0],
		[9, "BUZZER2_1", 1235.4, -495, "T", "DIP", "$1N919", "", "C", 70.866, 70.866, 39.37, 39.37, 0],
		[10, "BUZZER2_1", 1235.4, -495, "B", "DIP", "$1N919", "", "C", 70.866, 70.866, 39.37, 39.37, 0],
		[11, "BUZZER2_2", 1534.61, -495, "T", "DIP", "GND", "GND", "C", 70.866, 70.866, 39.37, 39.37, 0],
		[12, "BUZZER2_2", 1534.61, -495, "B", "DIP", "GND", "GND", "C", 70.866, 70.866, 39.37, 39.37, 0],
		[13, "C1_1", 790, -340, "T", "DIP", "$1N991", "", "C", 55.118, 55.118, 31.496, 31.496, 270],
		[14, "C1_1", 790, -340, "B", "DIP", "$1N991", "", "C", 55.118, 55.118, 31.496, 31.496, 270],
		[15, "C1_2", 790, -540, "T", "DIP", "$1N985", "", "C", 55.118, 55.118, 31.496, 31.496, 270],
		[16, "C1_2", 790, -540, "B", "DIP", "$1N985", "", "C", 55.118, 55.118, 31.496, 31.496, 270],
		[17, "C2_1", 795, -655, "T", "DIP", "$1N1307", "", "C", 55.118, 55.118, 31.496, 31.496, 270],
		[18, "C2_1", 795, -655, "B", "DIP", "$1N1307", "", "C", 55.118, 55.118, 31.496, 31.496, 270],
		[19, "C2_2", 795, -855, "T", "DIP", "$1N1302", "", "C", 55.118, 55.118, 31.496, 31.496, 270],
		[20, "C2_2", 795, -855, "B", "DIP", "$1N1302", "", "C", 55.118, 55.118, 31.496, 31.496, 270],
		[21, "C3_1", 800, -1045, "T", "DIP", "$1N1455", "", "C", 55.118, 55.118, 31.496, 31.496, 270],
		[22, "C3_1", 800, -1045, "B", "DIP", "$1N1455", "", "C", 55.118, 55.118, 31.496, 31.496, 270],
		[23, "C3_2", 800, -1245, "T", "DIP", "$1N1450", "", "C", 55.118, 55.118, 31.496, 31.496, 270],
		[24, "C3_2", 800, -1245, "B", "DIP", "$1N1450", "", "C", 55.118, 55.118, 31.496, 31.496, 270],
		[25, "C4_1", 805, -1410, "T", "DIP", "$1N1603", "", "C", 55.118, 55.118, 31.496, 31.496, 270],
		[26, "C4_1", 805, -1410, "B", "DIP", "$1N1603", "", "C", 55.118, 55.118, 31.496, 31.496, 270],
		[27, "C4_2", 805, -1610, "T", "DIP", "$1N1598", "", "C", 55.118, 55.118, 31.496, 31.496, 270],
		[28, "C4_2", 805, -1610, "B", "DIP", "$1N1598", "", "C", 55.118, 55.118, 31.496, 31.496, 270],
		[29, "C5_1", 790, -1795, "T", "DIP", "$1N1751", "", "C", 55.118, 55.118, 31.496, 31.496, 270],
		[30, "C5_1", 790, -1795, "B", "DIP", "$1N1751", "", "C", 55.118, 55.118, 31.496, 31.496, 270],
		[31, "C5_2", 790, -1995, "T", "DIP", "$1N1746", "", "C", 55.118, 55.118, 31.496, 31.496, 270],
		[32, "C5_2", 790, -1995, "B", "DIP", "$1N1746", "", "C", 55.118, 55.118, 31.496, 31.496, 270],
		[33, "C6_1", 790, -2160, "T", "DIP", "$1N1899", "", "C", 55.118, 55.118, 31.496, 31.496, 270],
		[34, "C6_1", 790, -2160, "B", "DIP", "$1N1899", "", "C", 55.118, 55.118, 31.496, 31.496, 270],
		[35, "C6_2", 790, -2360, "T", "DIP", "$1N1894", "", "C", 55.118, 55.118, 31.496, 31.496, 270],
		[36, "C6_2", 790, -2360, "B", "DIP", "$1N1894", "", "C", 55.118, 55.118, 31.496, 31.496, 270],
		[37, "C7_1", 780, -2515, "T", "DIP", "$1N2047", "", "C", 55.118, 55.118, 31.496, 31.496, 270],
		[38, "C7_1", 780, -2515, "B", "DIP", "$1N2047", "", "C", 55.118, 55.118, 31.496, 31.496, 270],
		[39, "C7_2", 780, -2715, "T", "DIP", "$1N2042", "", "C", 55.118, 55.118, 31.496, 31.496, 270],
		[40, "C7_2", 780, -2715, "B", "DIP", "$1N2042", "", "C", 55.118, 55.118, 31.496, 31.496, 270],
		[41, "C8_1", 785, -2860, "T", "DIP", "$1N2195", "", "C", 55.118, 55.118, 31.496, 31.496, 270],
		[42, "C8_1", 785, -2860, "B", "DIP", "$1N2195", "", "C", 55.118, 55.118, 31.496, 31.496, 270],
		[43, "C8_2", 785, -3060, "T", "DIP", "$1N2190", "", "C", 55.118, 55.118, 31.496, 31.496, 270],
		[44, "C8_2", 785, -3060, "B", "DIP", "$1N2190", "", "C", 55.118, 55.118, 31.496, 31.496, 270],
		[45, "Q1_1", 945, -381, "T", "DIP", "$1N991", "", "R", 39.4, 63, 27.6, 27.6, 270],
		[46, "Q1_1", 945, -381, "B", "DIP", "$1N991", "", "R", 39.4, 63, 27.6, 27.6, 270],
		[47, "Q1_2", 945, -440, "T", "DIP", "$1N919", "", "O", 39.4, 63, 27.6, 27.6, 270],
		[48, "Q1_2", 945, -440, "B", "DIP", "$1N919", "", "O", 39.4, 63, 27.6, 27.6, 270],
		[49, "Q1_3", 945, -499, "T", "DIP", "GND", "GND", "O", 39.4, 63, 27.6, 27.6, 270],
		[50, "Q1_3", 945, -499, "B", "DIP", "GND", "GND", "O", 39.4, 63, 27.6, 27.6, 270],
		[51, "Q2_1", 950, -711, "T", "DIP", "$1N1307", "", "R", 39.4, 63, 27.6, 27.6, 270],
		[52, "Q2_1", 950, -711, "B", "DIP", "$1N1307", "", "R", 39.4, 63, 27.6, 27.6, 270],
		[53, "Q2_2", 950, -770, "T", "DIP", "$1N919", "", "O", 39.4, 63, 27.6, 27.6, 270],
		[54, "Q2_2", 950, -770, "B", "DIP", "$1N919", "", "O", 39.4, 63, 27.6, 27.6, 270],
		[55, "Q2_3", 950, -829, "T", "DIP", "GND", "GND", "O", 39.4, 63, 27.6, 27.6, 270],
		[56, "Q2_3", 950, -829, "B", "DIP", "GND", "GND", "O", 39.4, 63, 27.6, 27.6, 270],
		[57, "Q3_1", 980, -1086, "T", "DIP", "$1N1455", "", "R", 39.4, 63, 27.6, 27.6, 270],
		[58, "Q3_1", 980, -1086, "B", "DIP", "$1N1455", "", "R", 39.4, 63, 27.6, 27.6, 270],
		[59, "Q3_2", 980, -1145, "T", "DIP", "$1N919", "", "O", 39.4, 63, 27.6, 27.6, 270],
		[60, "Q3_2", 980, -1145, "B", "DIP", "$1N919", "", "O", 39.4, 63, 27.6, 27.6, 270],
		[61, "Q3_3", 980, -1204, "T", "DIP", "GND", "GND", "O", 39.4, 63, 27.6, 27.6, 270],
		[62, "Q3_3", 980, -1204, "B", "DIP", "GND", "GND", "O", 39.4, 63, 27.6, 27.6, 270],
		[63, "Q4_1", 980, -1436, "T", "DIP", "$1N1603", "", "R", 39.4, 63, 27.6, 27.6, 270],
		[64, "Q4_1", 980, -1436, "B", "DIP", "$1N1603", "", "R", 39.4, 63, 27.6, 27.6, 270],
		[65, "Q4_2", 980, -1495, "T", "DIP", "$1N919", "", "O", 39.4, 63, 27.6, 27.6, 270],
		[66, "Q4_2", 980, -1495, "B", "DIP", "$1N919", "", "O", 39.4, 63, 27.6, 27.6, 270],
		[67, "Q4_3", 980, -1554, "T", "DIP", "GND", "GND", "O", 39.4, 63, 27.6, 27.6, 270],
		[68, "Q4_3", 980, -1554, "B", "DIP", "GND", "GND", "O", 39.4, 63, 27.6, 27.6, 270],
		[69, "Q5_1", 980, -1816, "T", "DIP", "$1N1751", "", "R", 39.4, 63, 27.6, 27.6, 270],
		[70, "Q5_1", 980, -1816, "B", "DIP", "$1N1751", "", "R", 39.4, 63, 27.6, 27.6, 270],
		[71, "Q5_2", 980, -1875, "T", "DIP", "$1N919", "", "O", 39.4, 63, 27.6, 27.6, 270],
		[72, "Q5_2", 980, -1875, "B", "DIP", "$1N919", "", "O", 39.4, 63, 27.6, 27.6, 270],
		[73, "Q5_3", 980, -1934, "T", "DIP", "GND", "GND", "O", 39.4, 63, 27.6, 27.6, 270],
		[74, "Q5_3", 980, -1934, "B", "DIP", "GND", "GND", "O", 39.4, 63, 27.6, 27.6, 270],
		[75, "Q6_1", 975, -2201, "T", "DIP", "$1N1899", "", "R", 39.4, 63, 27.6, 27.6, 270],
		[76, "Q6_1", 975, -2201, "B", "DIP", "$1N1899", "", "R", 39.4, 63, 27.6, 27.6, 270],
		[77, "Q6_2", 975, -2260, "T", "DIP", "$1N919", "", "O", 39.4, 63, 27.6, 27.6, 270],
		[78, "Q6_2", 975, -2260, "B", "DIP", "$1N919", "", "O", 39.4, 63, 27.6, 27.6, 270],
		[79, "Q6_3", 975, -2319, "T", "DIP", "GND", "GND", "O", 39.4, 63, 27.6, 27.6, 270],
		[80, "Q6_3", 975, -2319, "B", "DIP", "GND", "GND", "O", 39.4, 63, 27.6, 27.6, 270],
		[81, "Q7_1", 975, -2556, "T", "DIP", "$1N2047", "", "R", 39.4, 63, 27.6, 27.6, 270],
		[82, "Q7_1", 975, -2556, "B", "DIP", "$1N2047", "", "R", 39.4, 63, 27.6, 27.6, 270],
		[83, "Q7_2", 975, -2615, "T", "DIP", "$1N919", "", "O", 39.4, 63, 27.6, 27.6, 270],
		[84, "Q7_2", 975, -2615, "B", "DIP", "$1N919", "", "O", 39.4, 63, 27.6, 27.6, 270],
		[85, "Q7_3", 975, -2674, "T", "DIP", "GND", "GND", "O", 39.4, 63, 27.6, 27.6, 270],
		[86, "Q7_3", 975, -2674, "B", "DIP", "GND", "GND", "O", 39.4, 63, 27.6, 27.6, 270],
		[87, "Q8_1", 975, -2911, "T", "DIP", "$1N2195", "", "R", 39.4, 63, 27.6, 27.6, 270],
		[88, "Q8_1", 975, -2911, "B", "DIP", "$1N2195", "", "R", 39.4, 63, 27.6, 27.6, 270],
		[89, "Q8_2", 975, -2970, "T", "DIP", "$1N919", "", "O", 39.4, 63, 27.6, 27.6, 270],
		[90, "Q8_2", 975, -2970, "B", "DIP", "$1N919", "", "O", 39.4, 63, 27.6, 27.6, 270],
		[91, "Q8_3", 975, -3029, "T", "DIP", "GND", "GND", "O", 39.4, 63, 27.6, 27.6, 270],
		[92, "Q8_3", 975, -3029, "B", "DIP", "GND", "GND", "O", 39.4, 63, 27.6, 27.6, 270],
		[93, "R1_1", 245, -511.73, "T", "DIP", "VCC", "", "C", 47.244, 47.244, 31.496, 31.496, 90],
		[94, "R1_1", 245, -511.73, "B", "DIP", "VCC", "", "C", 47.244, 47.244, 31.496, 31.496, 90],
		[95, "R1_2", 245, -228.27, "T", "DIP", "$1N985", "", "C", 47.244, 47.244, 31.496, 31.496, 90],
		[96, "R1_2", 245, -228.27, "B", "DIP", "$1N985", "", "C", 47.244, 47.244, 31.496, 31.496, 90],
		[97, "R2_1", 240, -1261.73, "T", "DIP", "VCC", "", "C", 47.244, 47.244, 31.496, 31.496, 90],
		[98, "R2_1", 240, -1261.73, "B", "DIP", "VCC", "", "C", 47.244, 47.244, 31.496, 31.496, 90],
		[99, "R2_2", 240, -978.27, "T", "DIP", "$1N1302", "", "C", 47.244, 47.244, 31.496, 31.496, 90],
		[100, "R2_2", 240, -978.27, "B", "DIP", "$1N1302", "", "C", 47.244, 47.244, 31.496, 31.496, 90],
		[101, "R3_1", 245, -613.27, "T", "DIP", "VCC", "", "C", 47.244, 47.244, 31.496, 31.496, 270],
		[102, "R3_1", 245, -613.27, "B", "DIP", "VCC", "", "C", 47.244, 47.244, 31.496, 31.496, 270],
		[103, "R3_2", 245, -896.73, "T", "DIP", "$1N1450", "", "C", 47.244, 47.244, 31.496, 31.496, 270],
		[104, "R3_2", 245, -896.73, "B", "DIP", "$1N1450", "", "C", 47.244, 47.244, 31.496, 31.496, 270],
		[105, "R4_1", 240, -1353.27, "T", "DIP", "VCC", "", "C", 47.244, 47.244, 31.496, 31.496, 270],
		[106, "R4_1", 240, -1353.27, "B", "DIP", "VCC", "", "C", 47.244, 47.244, 31.496, 31.496, 270],
		[107, "R4_2", 240, -1636.73, "T", "DIP", "$1N1598", "", "C", 47.244, 47.244, 31.496, 31.496, 270],
		[108, "R4_2", 240, -1636.73, "B", "DIP", "$1N1598", "", "C", 47.244, 47.244, 31.496, 31.496, 270],
		[109, "R5_1", 245, -2011.73, "T", "DIP", "VCC", "", "C", 47.244, 47.244, 31.496, 31.496, 90],
		[110, "R5_1", 245, -2011.73, "B", "DIP", "VCC", "", "C", 47.244, 47.244, 31.496, 31.496, 90],
		[111, "R5_2", 245, -1728.27, "T", "DIP", "$1N1746", "", "C", 47.244, 47.244, 31.496, 31.496, 90],
		[112, "R5_2", 245, -1728.27, "B", "DIP", "$1N1746", "", "C", 47.244, 47.244, 31.496, 31.496, 90],
		[113, "R6_1", 245, -2093.27, "T", "DIP", "VCC", "", "C", 47.244, 47.244, 31.496, 31.496, 270],
		[114, "R6_1", 245, -2093.27, "B", "DIP", "VCC", "", "C", 47.244, 47.244, 31.496, 31.496, 270],
		[115, "R6_2", 245, -2376.73, "T", "DIP", "$1N1894", "", "C", 47.244, 47.244, 31.496, 31.496, 270],
		[116, "R6_2", 245, -2376.73, "B", "DIP", "$1N1894", "", "C", 47.244, 47.244, 31.496, 31.496, 270],
		[117, "R7_1", 240, -2746.73, "T", "DIP", "VCC", "", "C", 47.244, 47.244, 31.496, 31.496, 90],
		[118, "R7_1", 240, -2746.73, "B", "DIP", "VCC", "", "C", 47.244, 47.244, 31.496, 31.496, 90],
		[119, "R7_2", 240, -2463.27, "T", "DIP", "$1N2042", "", "C", 47.244, 47.244, 31.496, 31.496, 90],
		[120, "R7_2", 240, -2463.27, "B", "DIP", "$1N2042", "", "C", 47.244, 47.244, 31.496, 31.496, 90],
		[121, "R8_1", 240, -2823.27, "T", "DIP", "VCC", "", "C", 47.244, 47.244, 31.496, 31.496, 270],
		[122, "R8_1", 240, -2823.27, "B", "DIP", "VCC", "", "C", 47.244, 47.244, 31.496, 31.496, 270],
		[123, "R8_2", 240, -3106.73, "T", "DIP", "$1N2190", "", "C", 47.244, 47.244, 31.496, 31.496, 270],
		[124, "R8_2", 240, -3106.73, "B", "DIP", "$1N2190", "", "C", 47.244, 47.244, 31.496, 31.496, 270],
		[125, "SW1_1", 1483.74, -905, "T", "DIP", "+5V", "", "O", 62.99, 62.992, 39.37, 39.37, 0],
		[126, "SW1_1", 1483.74, -905, "B", "DIP", "+5V", "", "O", 62.99, 62.992, 39.37, 39.37, 0],
		[127, "SW1_2", 1405, -905, "T", "DIP", "VCC", "", "O", 62.99, 62.992, 39.37, 39.37, 0],
		[128, "SW1_2", 1405, -905, "B", "DIP", "VCC", "", "O", 62.99, 62.992, 39.37, 39.37, 0],
		[129, "SW1_3", 1326.26, -905, "T", "DIP", "NET_1", "", "O", 62.99, 62.992, 39.37, 39.37, 0],
		[130, "SW1_3", 1326.26, -905, "B", "DIP", "NET_1", "", "O", 62.99, 62.992, 39.37, 39.37, 0],
		[131, "SW1_4", 1241.614, -905, "T", "DIP", "NET_2", "", "O", 118.11, 78.74, 39.37, 70.866, 90],
		[132, "SW1_4", 1241.614, -905, "B", "DIP", "NET_2", "", "O", 118.11, 78.74, 39.37, 70.866, 90],
		[133, "SW1_5", 1568.386, -905, "T", "DIP", "NET_3", "", "O", 118.11, 78.74, 39.37, 70.866, 90],
		[134, "SW1_5", 1568.386, -905, "B", "DIP", "NET_3", "", "O", 118.11, 78.74, 39.37, 70.866, 90],
		[135, "U3_1", 417, -336.4, "T", "DIP", "$1N985", "", "C", 70.866, 70.866, 43.308, 43.308, 0],
		[136, "U3_1", 417, -336.4, "B", "DIP", "$1N985", "", "C", 70.866, 70.866, 43.308, 43.308, 0],
		[137, "U3_2", 673, -336.4, "T", "DIP", "$1N991", "", "C", 70.866, 70.866, 43.308, 43.308, 0],
		[138, "U3_2", 673, -336.4, "B", "DIP", "$1N991", "", "C", 70.866, 70.866, 43.308, 43.308, 0],
		[139, "U3_3", 417, -513.6, "T", "DIP", "NET_4", "", "C", 70.866, 70.866, 43.308, 43.308, 0],
		[140, "U3_3", 417, -513.6, "B", "DIP", "NET_4", "", "C", 70.866, 70.866, 43.308, 43.308, 0],
		[141, "U3_4", 673, -513.6, "T", "DIP", "NET_5", "", "C", 70.866, 70.866, 43.308, 43.308, 0],
		[142, "U3_4", 673, -513.6, "B", "DIP", "NET_5", "", "C", 70.866, 70.866, 43.308, 43.308, 0],
		[143, "U4_1", 412, -686.4, "T", "DIP", "$1N1302", "", "C", 70.866, 70.866, 43.308, 43.308, 0],
		[144, "U4_1", 412, -686.4, "B", "DIP", "$1N1302", "", "C", 70.866, 70.866, 43.308, 43.308, 0],
		[145, "U4_2", 668, -686.4, "T", "DIP", "$1N1307", "", "C", 70.866, 70.866, 43.308, 43.308, 0],
		[146, "U4_2", 668, -686.4, "B", "DIP", "$1N1307", "", "C", 70.866, 70.866, 43.308, 43.308, 0],
		[147, "U4_3", 412, -863.6, "T", "DIP", "NET_6", "", "C", 70.866, 70.866, 43.308, 43.308, 0],
		[148, "U4_3", 412, -863.6, "B", "DIP", "NET_6", "", "C", 70.866, 70.866, 43.308, 43.308, 0],
		[149, "U4_4", 668, -863.6, "T", "DIP", "NET_7", "", "C", 70.866, 70.866, 43.308, 43.308, 0],
		[150, "U4_4", 668, -863.6, "B", "DIP", "NET_7", "", "C", 70.866, 70.866, 43.308, 43.308, 0],
		[151, "U5_1", 407, -1056.4, "T", "DIP", "$1N1450", "", "C", 70.866, 70.866, 43.308, 43.308, 0],
		[152, "U5_1", 407, -1056.4, "B", "DIP", "$1N1450", "", "C", 70.866, 70.866, 43.308, 43.308, 0],
		[153, "U5_2", 663, -1056.4, "T", "DIP", "$1N1455", "", "C", 70.866, 70.866, 43.308, 43.308, 0],
		[154, "U5_2", 663, -1056.4, "B", "DIP", "$1N1455", "", "C", 70.866, 70.866, 43.308, 43.308, 0],
		[155, "U5_3", 407, -1233.6, "T", "DIP", "NET_8", "", "C", 70.866, 70.866, 43.308, 43.308, 0],
		[156, "U5_3", 407, -1233.6, "B", "DIP", "NET_8", "", "C", 70.866, 70.866, 43.308, 43.308, 0],
		[157, "U5_4", 663, -1233.6, "T", "DIP", "NET_9", "", "C", 70.866, 70.866, 43.308, 43.308, 0],
		[158, "U5_4", 663, -1233.6, "B", "DIP", "NET_9", "", "C", 70.866, 70.866, 43.308, 43.308, 0],
		[159, "U6_1", 402, -1426.4, "T", "DIP", "$1N1598", "", "C", 70.866, 70.866, 43.308, 43.308, 0],
		[160, "U6_1", 402, -1426.4, "B", "DIP", "$1N1598", "", "C", 70.866, 70.866, 43.308, 43.308, 0],
		[161, "U6_2", 658, -1426.4, "T", "DIP", "$1N1603", "", "C", 70.866, 70.866, 43.308, 43.308, 0],
		[162, "U6_2", 658, -1426.4, "B", "DIP", "$1N1603", "", "C", 70.866, 70.866, 43.308, 43.308, 0],
		[163, "U6_3", 402, -1603.6, "T", "DIP", "NET_10", "", "C", 70.866, 70.866, 43.308, 43.308, 0],
		[164, "U6_3", 402, -1603.6, "B", "DIP", "NET_10", "", "C", 70.866, 70.866, 43.308, 43.308, 0],
		[165, "U6_4", 658, -1603.6, "T", "DIP", "NET_11", "", "C", 70.866, 70.866, 43.308, 43.308, 0],
		[166, "U6_4", 658, -1603.6, "B", "DIP", "NET_11", "", "C", 70.866, 70.866, 43.308, 43.308, 0],
		[167, "U7_1", 397, -1806.4, "T", "DIP", "$1N1746", "", "C", 70.866, 70.866, 43.308, 43.308, 0],
		[168, "U7_1", 397, -1806.4, "B", "DIP", "$1N1746", "", "C", 70.866, 70.866, 43.308, 43.308, 0],
		[169, "U7_2", 653, -1806.4, "T", "DIP", "$1N1751", "", "C", 70.866, 70.866, 43.308, 43.308, 0],
		[170, "U7_2", 653, -1806.4, "B", "DIP", "$1N1751", "", "C", 70.866, 70.866, 43.308, 43.308, 0],
		[171, "U7_3", 397, -1983.6, "T", "DIP", "NET_12", "", "C", 70.866, 70.866, 43.308, 43.308, 0],
		[172, "U7_3", 397, -1983.6, "B", "DIP", "NET_12", "", "C", 70.866, 70.866, 43.308, 43.308, 0],
		[173, "U7_4", 653, -1983.6, "T", "DIP", "NET_13", "", "C", 70.866, 70.866, 43.308, 43.308, 0],
		[174, "U7_4", 653, -1983.6, "B", "DIP", "NET_13", "", "C", 70.866, 70.866, 43.308, 43.308, 0],
		[175, "U8_1", 392, -2181.4, "T", "DIP", "$1N1894", "", "C", 70.866, 70.866, 43.308, 43.308, 0],
		[176, "U8_1", 392, -2181.4, "B", "DIP", "$1N1894", "", "C", 70.866, 70.866, 43.308, 43.308, 0],
		[177, "U8_2", 648, -2181.4, "T", "DIP", "$1N1899", "", "C", 70.866, 70.866, 43.308, 43.308, 0],
		[178, "U8_2", 648, -2181.4, "B", "DIP", "$1N1899", "", "C", 70.866, 70.866, 43.308, 43.308, 0],
		[179, "U8_3", 392, -2358.6, "T", "DIP", "NET_14", "", "C", 70.866, 70.866, 43.308, 43.308, 0],
		[180, "U8_3", 392, -2358.6, "B", "DIP", "NET_14", "", "C", 70.866, 70.866, 43.308, 43.308, 0],
		[181, "U8_4", 648, -2358.6, "T", "DIP", "NET_15", "", "C", 70.866, 70.866, 43.308, 43.308, 0],
		[182, "U8_4", 648, -2358.6, "B", "DIP", "NET_15", "", "C", 70.866, 70.866, 43.308, 43.308, 0],
		[183, "U9_1", 387, -2526.4, "T", "DIP", "$1N2042", "", "C", 70.866, 70.866, 43.308, 43.308, 0],
		[184, "U9_1", 387, -2526.4, "B", "DIP", "$1N2042", "", "C", 70.866, 70.866, 43.308, 43.308, 0],
		[185, "U9_2", 643, -2526.4, "T", "DIP", "$1N2047", "", "C", 70.866, 70.866, 43.308, 43.308, 0],
		[186, "U9_2", 643, -2526.4, "B", "DIP", "$1N2047", "", "C", 70.866, 70.866, 43.308, 43.308, 0],
		[187, "U9_3", 387, -2703.6, "T", "DIP", "NET_16", "", "C", 70.866, 70.866, 43.308, 43.308, 0],
		[188, "U9_3", 387, -2703.6, "B", "DIP", "NET_16", "", "C", 70.866, 70.866, 43.308, 43.308, 0],
		[189, "U9_4", 643, -2703.6, "T", "DIP", "NET_17", "", "C", 70.866, 70.866, 43.308, 43.308, 0],
		[190, "U9_4", 643, -2703.6, "B", "DIP", "NET_17", "", "C", 70.866, 70.866, 43.308, 43.308, 0],
		[191, "U10_1", 392, -2886.4, "T", "DIP", "$1N2190", "", "C", 70.866, 70.866, 43.308, 43.308, 0],
		[192, "U10_1", 392, -2886.4, "B", "DIP", "$1N2190", "", "C", 70.866, 70.866, 43.308, 43.308, 0],
		[193, "U10_2", 648, -2886.4, "T", "DIP", "$1N2195", "", "C", 70.866, 70.866, 43.308, 43.308, 0],
		[194, "U10_2", 648, -2886.4, "B", "DIP", "$1N2195", "", "C", 70.866, 70.866, 43.308, 43.308, 0],
		[195, "U10_3", 392, -3063.6, "T", "DIP", "NET_18", "", "C", 70.866, 70.866, 43.308, 43.308, 0],
		[196, "U10_3", 392, -3063.6, "B", "DIP", "NET_18", "", "C", 70.866, 70.866, 43.308, 43.308, 0],
		[197, "U10_4", 648, -3063.6, "T", "DIP", "NET_19", "", "C", 70.866, 70.866, 43.308, 43.308, 0],
		[198, "U10_4", 648, -3063.6, "B", "DIP", "NET_19", "", "C", 70.866, 70.866, 43.308, 43.308, 0],
		[199, "PAD1_2", 1604.61, -2900, "T", "DIP", "GND", "GND", "C", 70.866, 70.866, 39.37, 39.37, 0],
		[200, "PAD1_2", 1604.61, -2900, "B", "DIP", "GND", "GND", "C", 70.866, 70.866, 39.37, 39.37, 0],
		[201, "PAD2_1", 1305.4, -2900, "T", "DIP", "$1N919", "", "C", 70.866, 70.866, 39.37, 39.37, 0],
		[202, "PAD2_1", 1305.4, -2900, "B", "DIP", "$1N919", "", "C", 70.866, 70.866, 39.37, 39.37, 0],
		[203, "PAD3_1", 245, -511.73, "T", "DIP", "VCC", "", "C", 47.244, 47.244, 31.496, 31.496, 90],
		[204, "PAD3_1", 245, -511.73, "B", "DIP", "VCC", "", "C", 47.244, 47.244, 31.496, 31.496, 90],
		[205, "PAD4_2", 245, -228.27, "T", "DIP", "$1N985", "", "C", 47.244, 47.244, 31.496, 31.496, 90],
		[206, "PAD4_2", 245, -228.27, "B", "DIP", "$1N985", "", "C", 47.244, 47.244, 31.496, 31.496, 90],
		[207, "PAD5_1", 240, -1261.73, "T", "DIP", "VCC", "", "C", 47.244, 47.244, 31.496, 31.496, 90],
		[208, "PAD5_1", 240, -1261.73, "B", "DIP", "VCC", "", "C", 47.244, 47.244, 31.496, 31.496, 90],
		[209, "PAD6_2", 240, -978.27, "T", "DIP", "$1N1302", "", "C", 47.244, 47.244, 31.496, 31.496, 90],
		[210, "PAD6_2", 240, -978.27, "B", "DIP", "$1N1302", "", "C", 47.244, 47.244, 31.496, 31.496, 90],
		[211, "PAD7_1", 245, -613.27, "T", "DIP", "VCC", "", "C", 47.244, 47.244, 31.496, 31.496, 270],
		[212, "PAD7_1", 245, -613.27, "B", "DIP", "VCC", "", "C", 47.244, 47.244, 31.496, 31.496, 270],
		[213, "PAD8_2", 245, -896.73, "T", "DIP", "$1N1450", "", "C", 47.244, 47.244, 31.496, 31.496, 270],
		[214, "PAD8_2", 245, -896.73, "B", "DIP", "$1N1450", "", "C", 47.244, 47.244, 31.496, 31.496, 270],
		[215, "PAD9_1", 240, -1353.27, "T", "DIP", "VCC", "", "C", 47.244, 47.244, 31.496, 31.496, 270],
		[216, "PAD9_1", 240, -1353.27, "B", "DIP", "VCC", "", "C", 47.244, 47.244, 31.496, 31.496, 270],
		[217, "PAD10_2", 240, -1636.73, "T", "DIP", "$1N1598", "", "C", 47.244, 47.244, 31.496, 31.496, 270],
		[218, "PAD10_2", 240, -1636.73, "B", "DIP", "$1N1598", "", "C", 47.244, 47.244, 31.496, 31.496, 270],
		[219, "PAD11_1", 245, -2011.73, "T", "DIP", "VCC", "", "C", 47.244, 47.244, 31.496, 31.496, 90],
		[220, "PAD11_1", 245, -2011.73, "B", "DIP", "VCC", "", "C", 47.244, 47.244, 31.496, 31.496, 90],
		[221, "PAD12_2", 245, -1728.27, "T", "DIP", "$1N1746", "", "C", 47.244, 47.244, 31.496, 31.496, 90],
		[222, "PAD12_2", 245, -1728.27, "B", "DIP", "$1N1746", "", "C", 47.244, 47.244, 31.496, 31.496, 90],
		[223, "PAD13_1", 245, -2093.27, "T", "DIP", "VCC", "", "C", 47.244, 47.244, 31.496, 31.496, 270],
		[224, "PAD13_1", 245, -2093.27, "B", "DIP", "VCC", "", "C", 47.244, 47.244, 31.496, 31.496, 270],
		[225, "PAD14_2", 245, -2376.73, "T", "DIP", "$1N1894", "", "C", 47.244, 47.244, 31.496, 31.496, 270],
		[226, "PAD14_2", 245, -2376.73, "B", "DIP", "$1N1894", "", "C", 47.244, 47.244, 31.496, 31.496, 270],
		[227, "PAD15_1", 240, -2746.73, "T", "DIP", "VCC", "", "C", 47.244, 47.244, 31.496, 31.496, 90],
		[228, "PAD15_1", 240, -2746.73, "B", "DIP", "VCC", "", "C", 47.244, 47.244, 31.496, 31.496, 90],
		[229, "PAD16_2", 240, -2463.27, "T", "DIP", "$1N2042", "", "C", 47.244, 47.244, 31.496, 31.496, 90],
		[230, "PAD16_2", 240, -2463.27, "B", "DIP", "$1N2042", "", "C", 47.244, 47.244, 31.496, 31.496, 90],
		[231, "PAD17_1", 240, -2823.27, "T", "DIP", "VCC", "", "C", 47.244, 47.244, 31.496, 31.496, 270],
		[232, "PAD17_1", 240, -2823.27, "B", "DIP", "VCC", "", "C", 47.244, 47.244, 31.496, 31.496, 270],
		[233, "PAD18_2", 240, -3106.73, "T", "DIP", "$1N2190", "", "C", 47.244, 47.244, 31.496, 31.496, 270],
		[234, "PAD18_2", 240, -3106.73, "B", "DIP", "$1N2190", "", "C", 47.244, 47.244, 31.496, 31.496, 270],
		[235, "PAD19_1", 417, -336.4, "T", "DIP", "$1N985", "", "C", 70.866, 70.866, 43.308, 43.308, 0],
		[236, "PAD19_1", 417, -336.4, "B", "DIP", "$1N985", "", "C", 70.866, 70.866, 43.308, 43.308, 0],
		[237, "PAD20_2", 673, -336.4, "T", "DIP", "$1N991", "", "C", 70.866, 70.866, 43.308, 43.308, 0],
		[238, "PAD20_2", 673, -336.4, "B", "DIP", "$1N991", "", "C", 70.866, 70.866, 43.308, 43.308, 0],
		[239, "PAD21_1", 412, -686.4, "T", "DIP", "$1N1302", "", "C", 70.866, 70.866, 43.308, 43.308, 0],
		[240, "PAD21_1", 412, -686.4, "B", "DIP", "$1N1302", "", "C", 70.866, 70.866, 43.308, 43.308, 0],
		[241, "PAD22_2", 668, -686.4, "T", "DIP", "$1N1307", "", "C", 70.866, 70.866, 43.308, 43.308, 0],
		[242, "PAD22_2", 668, -686.4, "B", "DIP", "$1N1307", "", "C", 70.866, 70.866, 43.308, 43.308, 0],
		[243, "PAD23_1", 407, -1056.4, "T", "DIP", "$1N1450", "", "C", 70.866, 70.866, 43.308, 43.308, 0],
		[244, "PAD23_1", 407, -1056.4, "B", "DIP", "$1N1450", "", "C", 70.866, 70.866, 43.308, 43.308, 0],
		[245, "PAD24_2", 663, -1056.4, "T", "DIP", "$1N1455", "", "C", 70.866, 70.866, 43.308, 43.308, 0],
		[246, "PAD24_2", 663, -1056.4, "B", "DIP", "$1N1455", "", "C", 70.866, 70.866, 43.308, 43.308, 0],
		[247, "PAD25_1", 402, -1426.4, "T", "DIP", "$1N1598", "", "C", 70.866, 70.866, 43.308, 43.308, 0],
		[248, "PAD25_1", 402, -1426.4, "B", "DIP", "$1N1598", "", "C", 70.866, 70.866, 43.308, 43.308, 0],
		[249, "PAD26_2", 658, -1426.4, "T", "DIP", "$1N1603", "", "C", 70.866, 70.866, 43.308, 43.308, 0],
		[250, "PAD26_2", 658, -1426.4, "B", "DIP", "$1N1603", "", "C", 70.866, 70.866, 43.308, 43.308, 0],
		[251, "PAD27_1", 397, -1806.4, "T", "DIP", "$1N1746", "", "C", 70.866, 70.866, 43.308, 43.308, 0],
		[252, "PAD27_1", 397, -1806.4, "B", "DIP", "$1N1746", "", "C", 70.866, 70.866, 43.308, 43.308, 0],
		[253, "PAD28_2", 653, -1806.4, "T", "DIP", "$1N1751", "", "C", 70.866, 70.866, 43.308, 43.308, 0],
		[254, "PAD28_2", 653, -1806.4, "B", "DIP", "$1N1751", "", "C", 70.866, 70.866, 43.308, 43.308, 0],
		[255, "PAD29_1", 392, -2181.4, "T", "DIP", "$1N1894", "", "C", 70.866, 70.866, 43.308, 43.308, 0],
		[256, "PAD29_1", 392, -2181.4, "B", "DIP", "$1N1894", "", "C", 70.866, 70.866, 43.308, 43.308, 0],
		[257, "PAD30_2", 648, -2181.4, "T", "DIP", "$1N1899", "", "C", 70.866, 70.866, 43.308, 43.308, 0],
		[258, "PAD30_2", 648, -2181.4, "B", "DIP", "$1N1899", "", "C", 70.866, 70.866, 43.308, 43.308, 0],
		[259, "PAD31_1", 387, -2526.4, "T", "DIP", "$1N2042", "", "C", 70.866, 70.866, 43.308, 43.308, 0],
		[260, "PAD31_1", 387, -2526.4, "B", "DIP", "$1N2042", "", "C", 70.866, 70.866, 43.308, 43.308, 0],
		[261, "PAD32_2", 643, -2526.4, "T", "DIP", "$1N2047", "", "C", 70.866, 70.866, 43.308, 43.308, 0],
		[262, "PAD32_2", 643, -2526.4, "B", "DIP", "$1N2047", "", "C", 70.866, 70.866, 43.308, 43.308, 0],
		[263, "PAD33_1", 392, -2886.4, "T", "DIP", "$1N2190", "", "C", 70.866, 70.866, 43.308, 43.308, 0],
		[264, "PAD33_1", 392, -2886.4, "B", "DIP", "$1N2190", "", "C", 70.866, 70.866, 43.308, 43.308, 0],
		[265, "PAD34_2", 648, -2886.4, "T", "DIP", "$1N2195", "", "C", 70.866, 70.866, 43.308, 43.308, 0],
		[266, "PAD34_2", 648, -2886.4, "B", "DIP", "$1N2195", "", "C", 70.866, 70.866, 43.308, 43.308, 0],
		[267, "PAD35_2", 945, -440, "T", "DIP", "$1N919", "", "O", 39.4, 63, 27.6, 27.6, 270],
		[268, "PAD35_2", 945, -440, "B", "DIP", "$1N919", "", "O", 39.4, 63, 27.6, 27.6, 270],
		[269, "PAD36_3", 945, -499, "T", "DIP", "GND", "GND", "O", 39.4, 63, 27.6, 27.6, 270],
		[270, "PAD36_3", 945, -499, "B", "DIP", "GND", "GND", "O", 39.4, 63, 27.6, 27.6, 270],
		[271, "PAD37_1", 945, -381, "T", "DIP", "$1N991", "", "R", 39.4, 63, 27.6, 27.6, 270],
		[272, "PAD37_1", 945, -381, "B", "DIP", "$1N991", "", "R", 39.4, 63, 27.6, 27.6, 270],
		[273, "PAD38_2", 950, -770, "T", "DIP", "$1N919", "", "O", 39.4, 63, 27.6, 27.6, 270],
		[274, "PAD38_2", 950, -770, "B", "DIP", "$1N919", "", "O", 39.4, 63, 27.6, 27.6, 270],
		[275, "PAD39_3", 950, -829, "T", "DIP", "GND", "GND", "O", 39.4, 63, 27.6, 27.6, 270],
		[276, "PAD39_3", 950, -829, "B", "DIP", "GND", "GND", "O", 39.4, 63, 27.6, 27.6, 270],
		[277, "PAD40_1", 950, -711, "T", "DIP", "$1N1307", "", "R", 39.4, 63, 27.6, 27.6, 270],
		[278, "PAD40_1", 950, -711, "B", "DIP", "$1N1307", "", "R", 39.4, 63, 27.6, 27.6, 270],
		[279, "PAD41_2", 980, -1145, "T", "DIP", "$1N919", "", "O", 39.4, 63, 27.6, 27.6, 270],
		[280, "PAD41_2", 980, -1145, "B", "DIP", "$1N919", "", "O", 39.4, 63, 27.6, 27.6, 270],
		[281, "PAD42_3", 980, -1204, "T", "DIP", "GND", "GND", "O", 39.4, 63, 27.6, 27.6, 270],
		[282, "PAD42_3", 980, -1204, "B", "DIP", "GND", "GND", "O", 39.4, 63, 27.6, 27.6, 270],
		[283, "PAD43_1", 980, -1086, "T", "DIP", "$1N1455", "", "R", 39.4, 63, 27.6, 27.6, 270],
		[284, "PAD43_1", 980, -1086, "B", "DIP", "$1N1455", "", "R", 39.4, 63, 27.6, 27.6, 270],
		[285, "PAD44_2", 980, -1495, "T", "DIP", "$1N919", "", "O", 39.4, 63, 27.6, 27.6, 270],
		[286, "PAD44_2", 980, -1495, "B", "DIP", "$1N919", "", "O", 39.4, 63, 27.6, 27.6, 270],
		[287, "PAD45_3", 980, -1554, "T", "DIP", "GND", "GND", "O", 39.4, 63, 27.6, 27.6, 270],
		[288, "PAD45_3", 980, -1554, "B", "DIP", "GND", "GND", "O", 39.4, 63, 27.6, 27.6, 270],
		[289, "PAD46_1", 980, -1436, "T", "DIP", "$1N1603", "", "R", 39.4, 63, 27.6, 27.6, 270],
		[290, "PAD46_1", 980, -1436, "B", "DIP", "$1N1603", "", "R", 39.4, 63, 27.6, 27.6, 270],
		[291, "PAD47_2", 980, -1875, "T", "DIP", "$1N919", "", "O", 39.4, 63, 27.6, 27.6, 270],
		[292, "PAD47_2", 980, -1875, "B", "DIP", "$1N919", "", "O", 39.4, 63, 27.6, 27.6, 270],
		[293, "PAD48_3", 980, -1934, "T", "DIP", "GND", "GND", "O", 39.4, 63, 27.6, 27.6, 270],
		[294, "PAD48_3", 980, -1934, "B", "DIP", "GND", "GND", "O", 39.4, 63, 27.6, 27.6, 270],
		[295, "PAD49_1", 980, -1816, "T", "DIP", "$1N1751", "", "R", 39.4, 63, 27.6, 27.6, 270],
		[296, "PAD49_1", 980, -1816, "B", "DIP", "$1N1751", "", "R", 39.4, 63, 27.6, 27.6, 270],
		[297, "PAD50_2", 975, -2260, "T", "DIP", "$1N919", "", "O", 39.4, 63, 27.6, 27.6, 270],
		[298, "PAD50_2", 975, -2260, "B", "DIP", "$1N919", "", "O", 39.4, 63, 27.6, 27.6, 270],
		[299, "PAD51_3", 975, -2319, "T", "DIP", "GND", "GND", "O", 39.4, 63, 27.6, 27.6, 270],
		[300, "PAD51_3", 975, -2319, "B", "DIP", "GND", "GND", "O", 39.4, 63, 27.6, 27.6, 270],
		[301, "PAD52_1", 975, -2201, "T", "DIP", "$1N1899", "", "R", 39.4, 63, 27.6, 27.6, 270],
		[302, "PAD52_1", 975, -2201, "B", "DIP", "$1N1899", "", "R", 39.4, 63, 27.6, 27.6, 270],
		[303, "PAD53_2", 975, -2615, "T", "DIP", "$1N919", "", "O", 39.4, 63, 27.6, 27.6, 270],
		[304, "PAD53_2", 975, -2615, "B", "DIP", "$1N919", "", "O", 39.4, 63, 27.6, 27.6, 270],
		[305, "PAD54_3", 975, -2674, "T", "DIP", "GND", "GND", "O", 39.4, 63, 27.6, 27.6, 270],
		[306, "PAD54_3", 975, -2674, "B", "DIP", "GND", "GND", "O", 39.4, 63, 27.6, 27.6, 270],
		[307, "PAD55_1", 975, -2556, "T", "DIP", "$1N2047", "", "R", 39.4, 63, 27.6, 27.6, 270],
		[308, "PAD55_1", 975, -2556, "B", "DIP", "$1N2047", "", "R", 39.4, 63, 27.6, 27.6, 270],
		[309, "PAD56_2", 975, -2970, "T", "DIP", "$1N919", "", "O", 39.4, 63, 27.6, 27.6, 270],
		[310, "PAD56_2", 975, -2970, "B", "DIP", "$1N919", "", "O", 39.4, 63, 27.6, 27.6, 270],
		[311, "PAD57_3", 975, -3029, "T", "DIP", "GND", "GND", "O", 39.4, 63, 27.6, 27.6, 270],
		[312, "PAD57_3", 975, -3029, "B", "DIP", "GND", "GND", "O", 39.4, 63, 27.6, 27.6, 270],
		[313, "PAD58_1", 975, -2911, "T", "DIP", "$1N2195", "", "R", 39.4, 63, 27.6, 27.6, 270],
		[314, "PAD58_1", 975, -2911, "B", "DIP", "$1N2195", "", "R", 39.4, 63, 27.6, 27.6, 270],
		[315, "PAD59_1", 790, -340, "T", "DIP", "$1N991", "", "C", 55.118, 55.118, 31.496, 31.496, 270],
		[316, "PAD59_1", 790, -340, "B", "DIP", "$1N991", "", "C", 55.118, 55.118, 31.496, 31.496, 270],
		[317, "PAD60_2", 790, -540, "T", "DIP", "$1N985", "", "C", 55.118, 55.118, 31.496, 31.496, 270],
		[318, "PAD60_2", 790, -540, "B", "DIP", "$1N985", "", "C", 55.118, 55.118, 31.496, 31.496, 270],
		[319, "PAD61_1", 795, -655, "T", "DIP", "$1N1307", "", "C", 55.118, 55.118, 31.496, 31.496, 270],
		[320, "PAD61_1", 795, -655, "B", "DIP", "$1N1307", "", "C", 55.118, 55.118, 31.496, 31.496, 270],
		[321, "PAD62_2", 795, -855, "T", "DIP", "$1N1302", "", "C", 55.118, 55.118, 31.496, 31.496, 270],
		[322, "PAD62_2", 795, -855, "B", "DIP", "$1N1302", "", "C", 55.118, 55.118, 31.496, 31.496, 270],
		[323, "PAD63_1", 800, -1045, "T", "DIP", "$1N1455", "", "C", 55.118, 55.118, 31.496, 31.496, 270],
		[324, "PAD63_1", 800, -1045, "B", "DIP", "$1N1455", "", "C", 55.118, 55.118, 31.496, 31.496, 270],
		[325, "PAD64_2", 800, -1245, "T", "DIP", "$1N1450", "", "C", 55.118, 55.118, 31.496, 31.496, 270],
		[326, "PAD64_2", 800, -1245, "B", "DIP", "$1N1450", "", "C", 55.118, 55.118, 31.496, 31.496, 270],
		[327, "PAD65_1", 805, -1410, "T", "DIP", "$1N1603", "", "C", 55.118, 55.118, 31.496, 31.496, 270],
		[328, "PAD65_1", 805, -1410, "B", "DIP", "$1N1603", "", "C", 55.118, 55.118, 31.496, 31.496, 270],
		[329, "PAD66_2", 805, -1610, "T", "DIP", "$1N1598", "", "C", 55.118, 55.118, 31.496, 31.496, 270],
		[330, "PAD66_2", 805, -1610, "B", "DIP", "$1N1598", "", "C", 55.118, 55.118, 31.496, 31.496, 270],
		[331, "PAD67_1", 790, -1795, "T", "DIP", "$1N1751", "", "C", 55.118, 55.118, 31.496, 31.496, 270],
		[332, "PAD67_1", 790, -1795, "B", "DIP", "$1N1751", "", "C", 55.118, 55.118, 31.496, 31.496, 270],
		[333, "PAD68_2", 790, -1995, "T", "DIP", "$1N1746", "", "C", 55.118, 55.118, 31.496, 31.496, 270],
		[334, "PAD68_2", 790, -1995, "B", "DIP", "$1N1746", "", "C", 55.118, 55.118, 31.496, 31.496, 270],
		[335, "PAD69_1", 790, -2160, "T", "DIP", "$1N1899", "", "C", 55.118, 55.118, 31.496, 31.496, 270],
		[336, "PAD69_1", 790, -2160, "B", "DIP", "$1N1899", "", "C", 55.118, 55.118, 31.496, 31.496, 270],
		[337, "PAD70_2", 790, -2360, "T", "DIP", "$1N1894", "", "C", 55.118, 55.118, 31.496, 31.496, 270],
		[338, "PAD70_2", 790, -2360, "B", "DIP", "$1N1894", "", "C", 55.118, 55.118, 31.496, 31.496, 270],
		[339, "PAD71_1", 780, -2515, "T", "DIP", "$1N2047", "", "C", 55.118, 55.118, 31.496, 31.496, 270],
		[340, "PAD71_1", 780, -2515, "B", "DIP", "$1N2047", "", "C", 55.118, 55.118, 31.496, 31.496, 270],
		[341, "PAD72_2", 780, -2715, "T", "DIP", "$1N2042", "", "C", 55.118, 55.118, 31.496, 31.496, 270],
		[342, "PAD72_2", 780, -2715, "B", "DIP", "$1N2042", "", "C", 55.118, 55.118, 31.496, 31.496, 270],
		[343, "PAD73_1", 785, -2860, "T", "DIP", "$1N2195", "", "C", 55.118, 55.118, 31.496, 31.496, 270],
		[344, "PAD73_1", 785, -2860, "B", "DIP", "$1N2195", "", "C", 55.118, 55.118, 31.496, 31.496, 270],
		[345, "PAD74_2", 785, -3060, "T", "DIP", "$1N2190", "", "C", 55.118, 55.118, 31.496, 31.496, 270],
		[346, "PAD74_2", 785, -3060, "B", "DIP", "$1N2190", "", "C", 55.118, 55.118, 31.496, 31.496, 270],
		[347, "PAD75_2", 1534.61, -495, "T", "DIP", "GND", "GND", "C", 70.866, 70.866, 39.37, 39.37, 0],
		[348, "PAD75_2", 1534.61, -495, "B", "DIP", "GND", "GND", "C", 70.866, 70.866, 39.37, 39.37, 0],
		[349, "PAD76_1", 1235.4, -495, "T", "DIP", "$1N919", "", "C", 70.866, 70.866, 39.37, 39.37, 0],
		[350, "PAD76_1", 1235.4, -495, "B", "DIP", "$1N919", "", "C", 70.866, 70.866, 39.37, 39.37, 0],
		[351, "PAD77_1", 1483.74, -905, "T", "DIP", "+5V", "", "O", 62.99, 62.992, 39.37, 39.37, 0],
		[352, "PAD77_1", 1483.74, -905, "B", "DIP", "+5V", "", "O", 62.99, 62.992, 39.37, 39.37, 0],
		[353, "PAD78_2", 1405, -905, "T", "DIP", "VCC", "", "O", 62.99, 62.992, 39.37, 39.37, 0],
		[354, "PAD78_2", 1405, -905, "B", "DIP", "VCC", "", "O", 62.99, 62.992, 39.37, 39.37, 0],
		[355, "PAD79_1", 1458.5825, -1135.4325, "T", "DIP", "+5V", "", "R", 55.118, 55.118, 35.434, 35.434, 270],
		[356, "PAD79_1", 1458.5825, -1135.4325, "B", "DIP", "+5V", "", "R", 55.118, 55.118, 35.434, 35.434, 270],
		[357, "PAD80_1", 1350.1575, -1135.4325, "T", "DIP", "GND", "GND", "R", 55.118, 55.118, 35.434, 35.434, 270],
		[358, "PAD80_1", 1350.1575, -1135.4325, "B", "DIP", "GND", "GND", "R", 55.118, 55.118, 35.434, 35.434, 270]
	]
}
}